,neg_log_loss,roc_auc
BalancedRandomForestClassifier_cop,-0.2284021746622218,0.9575480069760575
XGBClassifier_cop,-0.20470847601651632,0.9582240271210096
LGBMClassifier_cop,-0.20078702990930478,0.9606535241385808
CatBoostClassifier_cop,-0.2001070675995953,0.9601333841616577
LogisticRegression_cop,-0.355293942093723,0.925517102035311
